Name,Product Name,Description,Category,Type,Quantity,Estimated Cost,Total Cost,URL
"Flight Controller MCU","Holybro Pixhawk 6C","Primary flight control unit based on STM32H753, includes integrated IMU (ICM-20689) and barometer (MS5611) for stable flight and navigation.","electrical","mcu",1,299.99,299.99,"https://www.holybro.com/products/pixhawk-6c"
"AI Navigation Computer","NVIDIA Jetson Xavier NX Module","Primary AI and flight control unit for autonomous operation and sensor data processing.","electrical","mcu",1,499.00,499.00,"https://www.nvidia.com/en-us/autonomous-machines/embedded-systems/jetson-xavier-nx/"
"Main RTK GPS Module","Here4 GNSS Module","Provides global positioning data for accurate navigation and position hold.","electrical","sensor",1,220.00,220.00,"https://www.digikey.com/en/products/detail/here-technologies-pty-ltd/HERE4/22002131"
"Auxiliary RTK GPS Module","Here4 GNSS Module","Provides global positioning data for accurate navigation and position hold.","electrical","sensor",1,220.00,220.00,"https://www.digikey.com/en/products/detail/here-technologies-pty-ltd/HERE4/22002131"
"High Precision Barometer","MS5611 Barometric Pressure Sensor","High-resolution pressure sensor for accurate altitude measurement, crucial for recovery deployment.","electrical","sensor",1,15.00,15.00,"https://www.digikey.com/en/products/detail/te-connectivity-measurement-specialties/MS5611-01BA03/2403606"
"Front Obstacle LiDAR","Garmin LiDAR-Lite v4 LED","Compact optical distance sensor for obstacle detection and ground sensing.","electrical","sensor",1,149.99,149.99,"https://www.amazon.com/Garmin-Lidar-Lite-v4-LED/dp/B088R9F5P9"
"Back Obstacle LiDAR","Garmin LiDAR-Lite v4 LED","Compact optical distance sensor for obstacle detection and ground sensing.","electrical","sensor",1,149.99,149.99,"https://www.amazon.com/Garmin-Lidar-Lite-v4-LED/dp/B088R9F5P9"
"Left Obstacle LiDAR","Garmin LiDAR-Lite v4 LED","Compact optical distance sensor for obstacle detection and ground sensing.","electrical","sensor",1,149.99,149.99,"https://www.amazon.com/Garmin-Lidar-Lite-v4-LED/dp/B088R9F5P9"
"Right Obstacle LiDAR","Garmin LiDAR-Lite v4 LED","Compact optical distance sensor for obstacle detection and ground sensing.","electrical","sensor",1,149.99,149.99,"https://www.amazon.com/Garmin-Lidar-Lite-v4-LED/dp/B088R9F5P9"
"Downward Vision Camera","Raspberry Pi Camera Module 3","High-resolution camera for visual sensing and streaming.","electrical","sensor",1,35.00,35.00,"https://www.adafruit.com/product/5717"
"Forward Vision Camera","Intel RealSense Depth Camera D435i","LiDAR or depth camera for navigation and environmental awareness, integrated with ROS.","electrical","sensor",1,399.00,399.00,"https://store.intelrealsense.com/buy-intel-realsense-depth-camera-d435i.html"
"Payload Weight Sensor","Load Cell 20kg with HX711 ADC","","electrical","sensor",1,20.00,20.00,"https://www.amazon.com/Load-Cell-Weighing-Sensor-HX711/dp/B07R8M575R"
"Battery Management System","Smart BMS 12S LiPo with UART/CAN","","electrical","power",1,80.00,80.00,"https://www.amazon.com/Daly-Smart-BMS-12S-Balance/dp/B0BNP7R9M1"
"Power Distribution Board","Matek Systems PDB FCHUB-6S","Regulates main battery voltage to stable 5V/12V for companion computer and peripherals.","electrical","power",1,20.00,20.00,"https://www.racedayquads.com/products/matek-fchub-6s-power-distribution-board-pdb"
"Motor 1 ESC","T-Motor Flame 80A HV","Electronic Speed Controller for the front-left motor.","electrical","actuator",1,75.00,75.00,"https://www.getfpv.com/t-motor-flame-80a-hv-esc-6-12s.html"
"Motor 2 ESC","T-Motor Flame 80A HV","Electronic Speed Controller for the front-left motor.","electrical","actuator",1,75.00,75.00,"https://www.getfpv.com/t-motor-flame-80a-hv-esc-6-12s.html"
"Motor 3 ESC","T-Motor Flame 80A HV","Electronic Speed Controller for the front-left motor.","electrical","actuator",1,75.00,75.00,"https://www.getfpv.com/t-motor-flame-80a-hv-esc-6-12s.html"
"Motor 4 ESC","T-Motor Flame 80A HV","Electronic Speed Controller for the front-left motor.","electrical","actuator",1,75.00,75.00,"https://www.getfpv.com/t-motor-flame-80a-hv-esc-6-12s.html"
"Motor 5 ESC","T-Motor Flame 80A HV","Electronic Speed Controller for the front-left motor.","electrical","actuator",1,75.00,75.00,"https://www.getfpv.com/t-motor-flame-80a-hv-esc-6-12s.html"
"Motor 6 ESC","T-Motor Flame 80A HV","Electronic Speed Controller for the front-left motor.","electrical","actuator",1,75.00,75.00,"https://www.getfpv.com/t-motor-flame-80a-hv-esc-6-12s.html"
"Propulsion Motor 1","T-Motor U8 II KV100","High-efficiency brushless DC motor, optimized for large propellers and long endurance fixed-wing flight.","electrical","actuator",1,150.00,150.00,"https://www.amazon.com/T-Motor-Brushless-Propulsion-Multicopter-Quadcopter/dp/B07R8B1G15"
"Propulsion Motor 2","T-Motor U8 II KV100","High-efficiency brushless DC motor, optimized for large propellers and long endurance fixed-wing flight.","electrical","actuator",1,150.00,150.00,"https://www.amazon.com/T-Motor-Brushless-Propulsion-Multicopter-Quadcopter/dp/B07R8B1G15"
"Propulsion Motor 3","T-Motor U8 II KV100","High-efficiency brushless DC motor, optimized for large propellers and long endurance fixed-wing flight.","electrical","actuator",1,150.00,150.00,"https://www.amazon.com/T-Motor-Brushless-Propulsion-Multicopter-Quadcopter/dp/B07R8B1G15"
"Propulsion Motor 4","T-Motor U8 II KV100","High-efficiency brushless DC motor, optimized for large propellers and long endurance fixed-wing flight.","electrical","actuator",1,150.00,150.00,"https://www.amazon.com/T-Motor-Brushless-Propulsion-Multicopter-Quadcopter/dp/B07R8B1G15"
"Propulsion Motor 5","T-Motor U8 II KV100","High-efficiency brushless DC motor, optimized for large propellers and long endurance fixed-wing flight.","electrical","actuator",1,150.00,150.00,"https://www.amazon.com/T-Motor-Brushless-Propulsion-Multicopter-Quadcopter/dp/B07R8B1G15"
"Propulsion Motor 6","T-Motor U8 II KV100","High-efficiency brushless DC motor, optimized for large propellers and long endurance fixed-wing flight.","electrical","actuator",1,150.00,150.00,"https://www.amazon.com/T-Motor-Brushless-Propulsion-Multicopter-Quadcopter/dp/B07R8B1G15"
"Payload Winch Motor","Brushless DC Geared Motor with Encoder","Brushless motor with integrated encoder for left wheel propulsion.","electrical","actuator",1,60.00,60.00,"https://www.amazon.com/Brushless-Encoder-Permanent-Magnet-Electric/dp/B09V7N86G7"
"Winch Motor Driver","Sabertooth 2x32A Motor Driver","Dual-channel motor driver for controlling the left and right drive motors.","electrical","actuator",1,150.00,150.00,"https://www.dimensionengineering.com/products/sabertooth2x32"
"4G/5G Cellular Modem","Quectel RM500Q-GL 5G NR Module","5G NR Sub-6GHz and LTE-A Cat 16 module for cellular connectivity.","electrical","module",1,250.00,250.00,"https://www.digikey.com/en/products/detail/quectel/RM500Q-GL/11696225"
"Digital Video Transmitter","DJI Air Unit O3","Transmits high-definition video feed to ground station.","electrical","module",1,229.00,229.00,"https://www.dji.com/o3-air-unit"
"WiFi/Bluetooth Module","ESP32-WROOM-32D","Main microcontroller for station control, BLE communication with toio, and motor control.","electrical","module",1,5.00,5.00,"https://www.digikey.com/en/products/detail/espressif-systems/ESP32-WROOM-32D/9477013"
"Voltage/Current Sensor","Holybro PM07 Power Module","Provides regulated power to the flight controller and measures battery voltage/current.","electrical","sensor",1,30.00,30.00,"https://www.holybro.com/products/pm07"
"Main Frame Top Plate","Carbon Fiber Plate 600x600x3mm","Primary structural top plate for mounting electronics and connecting frame arms. Provides rigidity to the hexarotor frame.","mechanical","structural",1,120.00,120.00,"https://www.amazon.com/s?k=carbon+fiber+plate+600x600x3mm"
"Main Frame Bottom Plate","Carbon Fiber Plate 600x600x3mm","Primary structural bottom plate for mounting components and enclosing payload bay. Forms the base of the drone's chassis.","mechanical","structural",1,120.00,120.00,"https://www.amazon.com/s?k=carbon+fiber+plate+600x600x3mm"
"Hexarotor Arm 1","Carbon Fiber Arm 30x20x300mm","Carbon fiber arm connecting motor 1 to the main frame, providing structural support for propulsion.","mechanical","structural",1,25.00,25.00,"https://www.amazon.com/s?k=carbon+fiber+rectangle+tube+30x20x300mm"
"Hexarotor Arm 2","Carbon Fiber Arm 30x20x300mm","Carbon fiber arm connecting motor 2 to the main frame, providing structural support for propulsion.","mechanical","structural",1,25.00,25.00,"https://www.amazon.com/s?k=carbon+fiber+rectangle+tube+30x20x300mm"
"Hexarotor Arm 3","Carbon Fiber Arm 30x20x300mm","Carbon fiber arm connecting motor 3 to the main frame, providing structural support for propulsion.","mechanical","structural",1,25.00,25.00,"https://www.amazon.com/s?k=carbon+fiber+rectangle+tube+30x20x300mm"
"Hexarotor Arm 4","Carbon Fiber Arm 30x20x300mm","Carbon fiber arm connecting motor 4 to the main frame, providing structural support for propulsion.","mechanical","structural",1,25.00,25.00,"https://www.amazon.com/s?k=carbon+fiber+rectangle+tube+30x20x300mm"
"Hexarotor Arm 5","Carbon Fiber Arm 30x20x300mm","Carbon fiber arm connecting motor 5 to the main frame, providing structural support for propulsion.","mechanical","structural",1,25.00,25.00,"https://www.amazon.com/s?k=carbon+fiber+rectangle+tube+30x20x300mm"
"Hexarotor Arm 6","Carbon Fiber Arm 30x20x300mm","Carbon fiber arm connecting motor 6 to the main frame, providing structural support for propulsion.","mechanical","structural",1,25.00,25.00,"https://www.amazon.com/s?k=carbon+fiber+rectangle+tube+30x20x300mm"
"Motor Mount 1","Motor Mount 1","3D-printed mount for propulsion motor 1, ensuring secure attachment to the hexarotor arm.","mechanical","3d_printed",1,3.50,3.50,"undefined"
"Motor Mount 2","Motor Mount 2","3D-printed mount for propulsion motor 2, ensuring secure attachment to the hexarotor arm.","mechanical","3d_printed",1,3.50,3.50,"undefined"
"Motor Mount 3","Motor Mount 3","3D-printed mount for propulsion motor 3, ensuring secure attachment to the hexarotor arm.","mechanical","3d_printed",1,3.50,3.50,"undefined"
"Motor Mount 4","Motor Mount 4","3D-printed mount for propulsion motor 4, ensuring secure attachment to the hexarotor arm.","mechanical","3d_printed",1,3.50,3.50,"undefined"
"Motor Mount 5","Motor Mount 5","3D-printed mount for propulsion motor 5, ensuring secure attachment to the hexarotor arm.","mechanical","3d_printed",1,3.50,3.50,"undefined"
"Motor Mount 6","Motor Mount 6","3D-printed mount for propulsion motor 6, ensuring secure attachment to the hexarotor arm.","mechanical","3d_printed",1,3.50,3.50,"undefined"
"Payload Bay Enclosure","Custom Carbon Fiber Payload Box","Lightweight and durable carbon fiber enclosure for the 8kg payload, integrated into the drone's underside.","mechanical","enclosure",1,80.00,80.00,"https://www.amazon.com/s?k=carbon+fiber+box"
"Payload Winch System","Industrial Grade Micro Winch","Automated winch system for lowering and raising the payload container without requiring the drone to land.","mechanical","mechanism",1,150.00,150.00,"https://www.amazon.com/s?k=industrial+micro+winch"
"Payload Container Housing","","3D-printed housing for the payload container, integrating the weighing system and release mechanism.","mechanical","3d_printed",1,15.00,15.00,"undefined"
"Battery Bay Cover 1","","Custom 3D-printed quick-release cover for battery bay 1, allowing easy battery swapping.","mechanical","3d_printed",1,4.00,4.00,"undefined"
"Battery Bay Cover 2","","Custom 3D-printed quick-release cover for battery bay 2, allowing easy battery swapping.","mechanical","3d_printed",1,4.00,4.00,"undefined"
"Landing Gear Leg Front Left","Carbon Fiber Landing Gear Retractable","Retractable carbon fiber landing gear leg for safe take-off and landing, minimizing aerodynamic drag during flight.","mechanical","structural",1,40.00,40.00,"https://www.amazon.com/s?k=carbon+fiber+retractable+landing+gear"
"Landing Gear Leg Front Right","Carbon Fiber Landing Gear Retractable","Retractable carbon fiber landing gear leg for safe take-off and landing, minimizing aerodynamic drag during flight.","mechanical","structural",1,40.00,40.00,"https://www.amazon.com/s?k=carbon+fiber+retractable+landing+gear"
"Landing Gear Leg Rear Left","Carbon Fiber Landing Gear Ret retractable","Retractable carbon fiber landing gear leg for safe take-off and landing, minimizing aerodynamic drag during flight.","mechanical","structural",1,40.00,40.00,"https://www.amazon.com/s?k=carbon+fiber+retractable+landing+gear"
"Landing Gear Leg Rear Right","Carbon Fiber Landing Gear Ret retractable","Retractable carbon fiber landing gear leg for safe take-off and landing, minimizing aerodynamic drag during flight.","mechanical","structural",1,40.00,40.00,"https://www.amazon.com/s?k=carbon+fiber+retractable+landing+gear"
"Main RTK GPS Mount","Main RTK GPS Mount","3D-printed mast and mount for the main RTK GPS module, positioned for optimal signal reception.","mechanical","3d_printed",1,2.50,2.50,"undefined"
"Auxiliary RTK GPS Mount","","3D-printed mast and mount for the auxiliary RTK GPS module, positioned for optimal signal reception and redundancy.","mechanical","3d_printed",1,2.50,2.50,"undefined"
"Front Obstacle LiDAR Mount","Front Obstacle LiDAR Mount","3D-printed mount for the front LiDAR sensor, angled for optimal obstacle detection.","mechanical","3d_printed",1,1.80,1.80,"undefined"
"Back Obstacle LiDAR Mount","","3D-printed mount for the back LiDAR sensor, angled for optimal obstacle detection.","mechanical","3d_printed",1,1.80,1.80,"undefined"
"Left Obstacle LiDAR Mount","Left Obstacle LiDAR Mount","3D-printed mount for the left LiDAR sensor, angled for optimal obstacle detection.","mechanical","3d_printed",1,1.80,1.80,"undefined"
"Right Obstacle LiDAR Mount","Right Obstacle LiDAR Mount","3D-printed mount for the right LiDAR sensor, angled for optimal obstacle detection.","mechanical","3d_printed",1,1.80,1.80,"undefined"
"Downward Camera Gimbal","2-Axis Brushless Gimbal for Drone","2-axis brushless gimbal for stabilizing the downward vision camera, ensuring clear views for landing and payload operations.","mechanical","mechanism",1,75.00,75.00,"https://www.amazon.com/s?k=2+axis+drone+gimbal"
"Forward Camera Mount","Forward Camera Mount","Fixed 3D-printed mount for the forward vision camera, providing a clear view for navigation.","mechanical","3d_printed",1,2.00,2.00,"undefined"
"Flight Controller/AI Enclosure","","Custom 3D-printed enclosure to protect the flight controller and AI compute module from environmental elements.","mechanical","3d_printed",1,8.00,8.00,"undefined"
"AI Compute Module Mount","AI Compute Module Mount","Internal 3D-printed mount for securing the AI compute module within the main electronics enclosure.","mechanical","3d_printed",1,2.50,2.50,"undefined"
"Cable Management Clips","Cable Management Clips","Assorted 3D-printed clips and guides for routing and securing internal wiring, preventing interference and damage.","mechanical","3d_printed",20,0.20,4.00,"undefined"
"M3 Nylon Standoffs","M3x10mm Nylon Hex Standoffs","Nylon standoffs for electrically isolating and spacing PCBs and components within the frame.","mechanical","misc",50,0.15,7.50,"https://www.amazon.com/s?k=m3+nylon+standoffs"
"M3 Hex Socket Screws","M3x12mm Hex Socket Screws Stainless Steel","Stainless steel hex socket screws for general assembly of frame components and mounts.","mechanical","misc",100,0.08,8.00,"https://www.amazon.com/s?k=m3+hex+socket+screws"
"M3 Nyloc Nuts","M3 Nyloc Hex Nuts Stainless Steel","Nyloc nuts to provide secure, vibration-resistant fastening for critical structural connections.","mechanical","misc",50,0.05,2.50,"https://www.amazon.com/s?k=m3+nyloc+nuts"
"Vibration Damping Balls","Rubber Vibration Dampers for Flight Controller","Rubber damping balls to reduce vibrations transmitted to sensitive electronic components like the flight controller.","mechanical","misc",8,0.50,4.00,"https://www.amazon.com/s?k=flight+controller+vibration+dampers"
"High Precision Barometer Mount","High Precision Barometer Mount","Form-fitting cradle for the High Precision Barometer that holds the sensing surface in its rated orientation. Snap-fit retention so it can be removed for calibration without tools.","mechanical","3d_printed",1,2.00,2.00,""
"Motor 1 ESC Mount","Motor 1 ESC Mount","Per-position bracket for the Motor 1 ESC with M3 mounting holes matched to its bolt pattern. Rated for the actuator's continuous torque/load class.","mechanical","3d_printed",1,2.00,2.00,""
"Motor 2 ESC Mount","Motor 2 ESC Mount","Per-position bracket for the Motor 2 ESC with M3 mounting holes matched to its bolt pattern. Rated for the actuator's continuous torque/load class.","mechanical","3d_printed",1,2.00,2.00,""
"Motor 3 ESC Mount","Motor 3 ESC Mount","Per-position bracket for the Motor 3 ESC with M3 mounting holes matched to its bolt pattern. Rated for the actuator's continuous torque/load class.","mechanical","3d_printed",1,2.00,2.00,""
"Motor 4 ESC Mount","Motor 4 ESC Mount","Per-position bracket for the Motor 4 ESC with M3 mounting holes matched to its bolt pattern. Rated for the actuator's continuous torque/load class.","mechanical","3d_printed",1,2.00,2.00,""
"Motor 5 ESC Mount","Motor 5 ESC Mount","Per-position bracket for the Motor 5 ESC with M3 mounting holes matched to its bolt pattern. Rated for the actuator's continuous torque/load class.","mechanical","3d_printed",1,2.00,2.00,""
"Motor 6 ESC Mount","Motor 6 ESC Mount","Per-position bracket for the Motor 6 ESC with M3 mounting holes matched to its bolt pattern. Rated for the actuator's continuous torque/load class.","mechanical","3d_printed",1,2.00,2.00,""
"Winch Motor Driver Mount","Winch Motor Driver Mount","Per-position bracket for the Winch Motor Driver with M3 mounting holes matched to its bolt pattern. Rated for the actuator's continuous torque/load class.","mechanical","3d_printed",1,2.00,2.00,""
"4G/5G Cellular Modem Mount","4G/5G Cellular Modem Mount","Adapter plate for the 4G/5G Cellular Modem that bolts to the main chassis with M3 hardware. Includes wire-routing channels.","mechanical","3d_printed",1,2.00,2.00,""
"Digital Video Transmitter Mount","Digital Video Transmitter Mount","Adapter plate for the Digital Video Transmitter that bolts to the main chassis with M3 hardware. Includes wire-routing channels.","mechanical","3d_printed",1,2.00,2.00,""
"WiFi/Bluetooth Module Mount","WiFi/Bluetooth Module Mount","Adapter plate for the WiFi/Bluetooth Module that bolts to the main chassis with M3 hardware. Includes wire-routing channels.","mechanical","3d_printed",1,2.00,2.00,""
"Voltage/Current Sensor Mount","Voltage/Current Sensor Mount","Form-fitting cradle for the Voltage/Current Sensor that holds the sensing surface in its rated orientation. Snap-fit retention so it can be removed for calibration without tools.","mechanical","3d_printed",1,2.00,2.00,""